Top / Bottom,-shephard,-terrier,-kin,-huahua,-labrador,-spaniel,-dle,-waterdog,-lab,-ese,-dog,-corgi,-wolf
Aussie,Aussie-shephard,Aussy-boss,Aussie-kin,Aussie-huahua,Aussie-labrador,Aussie-spaniel,Ausoodle,Aussie-waterdog,Aussie-lab,Aussie-ese,Aussie-dog,Aussie-corgi,Aussie-wolf
Boston,Bossy-aussie,Boston-terrier,Bosskin Terrier,Boston-huahua,Boston-labrador,Boston-spaniel,Bostoodle,Boston-waterdog,Boston-lab,Boston-ese,Boston-dog,Boston-corgi,Boston-wolf
Boy,Boy-shephard,Boyrier,Boykin,Boy-huahua,Boy-labrador,Boy-spaniel,Kinoodle,Boy-waterdog,Boy-lab,Boy-ese,Boy-dog,Boy-corgi,Boy-wolf
Chi,Chi-shephard,Chi-terrier,Chi-kin,Chihuahua,Chi-labrador,Chi-spaniel,Chidoodle,Chi-waterdog,Chi-lab,Chi-ese,Chi-dog,Chi-corgi,Chi-wolf
Chocolate,Chocolate-shephard,Chocolate-terrier,Chocolate-kin,Choco-hauhua,Chocolate-labrador,Chocolate-spaniel,Chocodoodle,Chocolate-waterdog,Chocolate-lab,Chocolate-ese,Chocolate-dog,Chocolate-corgi,Chocolate-wolf
Cocker,Cocker-shephard,Cocker-terrier,Cocker-kin,Cocka-huahua,Cocker-labrador,Cocker-spaniel,Cockerdoodle,Cocker-waterdog,Cocker-lab,Cocker-ese,Cocker-dog,Cocker-corgi,Cocker-wolf
Poo,Poo-shephard,Poo-terrier,Poo-kin,Poo-huahua,Poo-labrador,Poo-spaniel,Poodle,Poo-waterdog,Poo-lab,Poo-ese,Poo-dog,Poo-corgi,Poo-wolf
Portuguese,Portuguese-shephard,Portu-terrier,Portu-kin,Portu-huahua,Portuguese-labrador,Portuguese-spaniel,Portoodle,Portuguese Waterdog,Portuguese-lab,Portuguese-ese,Portuguese-dog,Portuguese-corgi,Portuguese-wolf
Yellow,Yepherd,Yellarier,Yellkin,Yellhuahua,Yello-chocolab,Spanyello,Yelloodle,Yellow-waterdog,Yellow Lab,Yellow-ese,Yellow-dog,Yellow-corgi,Yellow-wolf
Peking,Peking-shephard,Peking-terrier,Peking-kin,Peking-huahua,Peking-labrador,Peking-spaniel,Peking-dle,Peking-waterdog,Peking-lab,Peking-ese,Peking-dog,Peking-corgi,Peking-wolf
Bull,Bull-shephard,Bull-terrier,Bull-kin,Bull-huahua,Bull-labrador,Bull-spaniel,Bull-dle,Bull-waterdog,Bull-lab,Bull-ese,Bull-dog,Bull-corgi,Bull-wolf
Welsh,Welsh-shephard,Welsh-terrier,Welsh-kin,Welsh-huahua,Welsh-labrador,Welsh-spaniel,Welsh-dle,Welsh-waterdog,Welsh-lab,Welsh-ese,Welsh-dog,Welsh-corgi,Welsh-wolf
Wild,Wild-shephard,Wild-terrier,Wild-kin,Wild-huahua,Wild-labrador,Wild-spaniel,Wild-dle,Wild-waterdog,Wild-lab,Wild-ese,Wild-dog,Wild-corgi,Wild-wolf